{"cameraMode":{"drawMode":0,"name":"Shaded","section":"Shading Mode"},"sceneLighting":true,"audioPlay":false,"sceneViewState":{"m_AlwaysRefresh":false,"showFog":true,"showSkybox":true,"showFlares":true,"showImageEffects":true,"showParticleSystems":true,"showVisualEffectGraphs":true,"m_FxEnabled":true},"in2DMode":false,"pivot":{"x":27.989627838134767,"y":-9.060367584228516,"z":-18.591732025146486},"rotation":{"x":-0.14774426817893983,"y":-0.8320110440254211,"z":0.26450759172439577,"w":-0.46472999453544619},"size":37.537357330322269,"orthographic":false}